text,output
Detect the sentiment of the tweet. RT @tippereconomy: Another use case for #blockchain and #Tipper. The #TipperEconomy  can unseat Facebook and change everything! ICO Live No‚Ä¶,Positive
Detect the sentiment of the tweet. free coins https://t.co/DiuoePJdap,Positive
"Detect the sentiment of the tweet. RT @payvxofficial: WE are happy to announce that PayVX Presale Phase 1 is now LIVE!

Sign up --&gt;&gt; https://t.co/dhprzsSxek
Currencies accept‚Ä¶",Positive
"Detect the sentiment of the tweet. Copy successful traders automatically with Bitcoin! üí∞üí∞

I copy ""Dividend667"". Do you?

‚û°Ô∏è https://t.co/qb2NXPknVt‚Ä¶ https://t.co/Q43fKQRYzx",Positive
"Detect the sentiment of the tweet. RT @bethereumteam: We're revealing our surprise tomorrow! 
Are you ready to celebrate with us? üòÆ
#surprise #presents #crypto #bitcoin #ethe‚Ä¶",Positive
"Detect the sentiment of the tweet. first speaker @digitsu

""how we can get bitcoin to be the greatest CASH in the world
medium of exchange, not meant‚Ä¶ https://t.co/kV3S9kT32A",Positive
Detect the sentiment of the tweet. @p0nd3ea Bitcoin wasn't built to live on exchanges.,Positive
Detect the sentiment of the tweet. @historyinflicks Buddy if I had whatever series of 19th diseases Bannon clearly has I'd want to be a bitcoin too.,Positive
"Detect the sentiment of the tweet. RT @_bitcoinmonster: Bitcoin Monster - Monsterize Your Asset
Cryptocurrency Monster - Masternode Support - High Rewards
-------------------‚Ä¶",Positive
Detect the sentiment of the tweet. RT @SteveRichFXCorp: #Breaking #SteveRichFXCorp #News Alert : https://t.co/UUGvxAIMYh is now live! Latest News and Updates on Cryptocurrenc‚Ä¶,Positive
"Detect the sentiment of the tweet. RT @bethereumteam: This month we're celebrating a major #milestone in the project and we're involving our growing community!
Can you guess‚Ä¶",Positive
"Detect the sentiment of the tweet. Copy successful traders automatically with Bitcoin! üí∞üí∞

I copy ""Dividend667"". Do you?

‚û°Ô∏è https://t.co/soBG18eXy8‚Ä¶ https://t.co/oATyZxmjtl",Positive
"Detect the sentiment of the tweet. First to USD $0.10

$btc $trx $xvg $xrp $bdc $vibe $appc $eth $ltc $xrp $tron #tron #bitcoin #trader #trading‚Ä¶ https://t.co/Larkz8lR5n",Positive
"Detect the sentiment of the tweet. RT @RandolphMlny: #Bitcoin #Satoshi #Earn_Money #cryptocurrency #blockchain #Airdrop
New Airdrop #Hubtrex üì¢

#Hubtrex New Exchange is doing‚Ä¶",Positive
"Detect the sentiment of the tweet. RT @CoinsAirdrops: #Bitcoin #Satoshi #Earn_Money #cryptocurrency #blockchain #Airdrop
New Airdrop #Redcoin üì¢

#Redcoin distributes free 188‚Ä¶",Positive
"Detect the sentiment of the tweet. RT @bethereumteam: What are Smart Contracts?
Read more about the technology and what they mean for #Bethereum: https://t.co/Eki5dzkfyp
#blo‚Ä¶",Positive
Detect the sentiment of the tweet. RT @lopp: @psycho_sage @naval Bitcoin is a game where everybody watches everybody else to make sure nobody cheats.,Positive
"Detect the sentiment of the tweet. RT @BUY_and_SELL5: Cryptocurrency Market Remains Stable at $350 Billion, Bitcoin at $9,000.
Over the past 48 hours, after demonstrating a h‚Ä¶",Negative
"Detect the sentiment of the tweet. Copy successful traders automatically with Bitcoin! üí∞üí∞

I copy ""Dividend667"". Do you?

‚û°Ô∏è https://t.co/qb2NXPknVt‚Ä¶ https://t.co/uyCsZq1GLP",Positive
"Detect the sentiment of the tweet. RT @toshi_mat003: THE MOST INNOVATIVE AND LUCRATIVE WAY TO EARN BITCOIN
JOIN BITCLUB NETWORK!!!",Positive
Detect the sentiment of the tweet. Bitcoin Is Now Preparing For A Major Move https://t.co/ztc7cm2sQM,Positive
Detect the sentiment of the tweet. Should we be crying out for standardisation and regulation of the digital currency Bitcoin? https://t.co/GtpynsyQV5 #tags,Negative
Detect the sentiment of the tweet. RT @lopp: @psycho_sage @naval Bitcoin is a game where everybody watches everybody else to make sure nobody cheats.,Positive
"Detect the sentiment of the tweet. RT @bethereumteam: Create custom group bets and invite your friends, choose the buy in amounts, select what sport to bet on and enjoy the g‚Ä¶",Positive
Detect the sentiment of the tweet. Bitcoin Loses $9k Support After Binance Confusion Shakes Confidence ...  https://t.co/Wmtp4DwlZs,Negative
"Detect the sentiment of the tweet. 1: Bitcoin average price is $8712.32 (-0.39% 1h)
2: Ethereum average price is $538.523 (-0.43% 1h)
3: Ripple averag‚Ä¶ https://t.co/NrYWB93wMW",Negative
"Detect the sentiment of the tweet. RT @DrDenaGrayson: üõëBREAKINGüõë

Rockin' Rod Rosenstein to make a MAJOR CYBER LAW ENFORCEMENT announcement tomorrow‚ÄºÔ∏è

*TREASURY* Undersecret‚Ä¶",Positive
"Detect the sentiment of the tweet. Copy successful traders automatically with Bitcoin! üí∞üí∞

I copy ""Dividend667"". Do you?

‚û°Ô∏è https://t.co/CffVj3s93L‚Ä¶ https://t.co/673o9jn6Jo",Positive
"Detect the sentiment of the tweet. Copy successful traders automatically with Bitcoin! üí∞üí∞

I copy ""Dividend667"". Do you?

‚û°Ô∏è https://t.co/GMVxqfof5n‚Ä¶ https://t.co/fbAQJCkjV1",Positive
"Detect the sentiment of the tweet. I am experimenting whether I can live only with bit coins donated. Please cooperate.

3NKbfJuuMKzNMYMcLqCf5w8TgeGvue7A5 ##bitcoin #Donation",Positive
Detect the sentiment of the tweet. RT @lopp: @psycho_sage @naval Bitcoin is a game where everybody watches everybody else to make sure nobody cheats.,Positive
"Detect the sentiment of the tweet. free airdrop
@rabbi2018 @alamgir39623942 @alamgir1996 @alam201212 @best_rated_ico https://t.co/KijU4Ciz1G",Positive
"Detect the sentiment of the tweet. RT @DrDenaGrayson: üõëBREAKINGüõë

Rockin' Rod Rosenstein to make a MAJOR CYBER LAW ENFORCEMENT announcement tomorrow‚ÄºÔ∏è

*TREASURY* Undersecret‚Ä¶",Positive
Detect the sentiment of the tweet. RT @UPROXX: Twitter CEO Jack Dorsey predicts that #Bitcoin will be the world's ‚Äòsingle currency‚Äô within 10 years https://t.co/T8pf7BxDHx ht‚Ä¶,Negative
Detect the sentiment of the tweet. RT @UPROXX: Twitter CEO Jack Dorsey predicts that #Bitcoin will be the world's ‚Äòsingle currency‚Äô within 10 years https://t.co/T8pf7BxDHx ht‚Ä¶,Negative
"Detect the sentiment of the tweet. RT @DrDenaGrayson: üõëBREAKINGüõë

Rockin' Rod Rosenstein to make a MAJOR CYBER LAW ENFORCEMENT announcement tomorrow‚ÄºÔ∏è

*TREASURY* Undersecret‚Ä¶",Positive
Detect the sentiment of the tweet. RT @evankirstel: Green light for new national IoT initiative in Trondheim https://t.co/jJhtn5mnn2 #IoT #InternetOfThings #IIoT #IndustrialI‚Ä¶,Positive
"Detect the sentiment of the tweet. RT @CoinsAirdrops: #Bitcoin #Satoshi #Earn_Money #cryptocurrency #blockchain #Airdrop
New Airdrop #Hubtrex üì¢

#Hubtrex New Exchange is doin‚Ä¶",Positive
"Detect the sentiment of the tweet. RT @BlockChainIRPR: ALERT:US SANCTIONS
#BTC #BITCOIN DOWN TO $7000 #ETH #ETHEREUM HACKED üìâ
 DOWN WHILE US TREASURY TARGETS CRYPTO OMG!!! 
‚û°‚Ä¶",Negative
"Detect the sentiment of the tweet. RT @ToneVays: #Trading #Bitcoin starts now, from a bar in Moscow #Russia at 2am... i am just full of good ideas... let's take a look at $BT‚Ä¶",Positive
"Detect the sentiment of the tweet. Copy successful traders automatically with Bitcoin! üí∞üí∞

I copy ""Dividend667"". Do you?

‚û°Ô∏è https://t.co/qb2NXPknVt‚Ä¶ https://t.co/zRc7CKHePe",Positive
"Detect the sentiment of the tweet. Good Work XYOracleNetwork Project #xyonetwork #ICO #Crowdsale #Bitcoin #Blockchain #Token #ETH 
https://t.co/wHP70dWpBp",Positive
"Detect the sentiment of the tweet. RT @bethereumteam: The whole #betting process in only 5 steps!
Easy, secure and engaging using: https://t.co/dXpy0T6IUp
#socialbetting #onl‚Ä¶",Positive
"Detect the sentiment of the tweet. RT @DrDenaGrayson: üõëBREAKINGüõë

Rockin' Rod Rosenstein to make a MAJOR CYBER LAW ENFORCEMENT announcement tomorrow‚ÄºÔ∏è

*TREASURY* Undersecret‚Ä¶",Positive
Detect the sentiment of the tweet. RT @NTmoney: Trillion dollar question: do the Bitcoin and Ethereum communities figure out scalability or do new ‚Äúscalable-first‚Äù networks e‚Ä¶,Positive
Detect the sentiment of the tweet. RT @lopp: @psycho_sage @naval Bitcoin is a game where everybody watches everybody else to make sure nobody cheats.,Positive
Detect the sentiment of the tweet. RT @nfrisbie83: OK Internet... I need your help... let‚Äôs break a #worldrecord ... see how much #bitcoin we can cram into my wallet in #24ho‚Ä¶,Positive
"Detect the sentiment of the tweet. In particular, every full node watches every other full node (including watching the miners).  Robots in green eyes‚Ä¶ https://t.co/zhvZWpCCEp",Positive
"Detect the sentiment of the tweet. https://t.co/0ScptZxYqG ""Satoshi‚Äôs Vision Conference Live Stream"" #Bitcoin #Ethereum #Blockchain #Trading",Positive
"Detect the sentiment of the tweet. Embrace the FUD.

That means more cheap coins for me and less dumb people in Bitcoin.

I'm playing the long game.",Negative
Detect the sentiment of the tweet. Bitcoin heading back down.  \u2026 $BTCUSD https://t.co/CXbIvztYvq,Negative
